{"Pharmaceuticals&Chemical":{"Block":0.4125,"BD":0.7,"AI":0.6470588235,"DSS":0.2,"AM":0.85,"IoT":0.8090909091,"Auto":0.4166666667,"Cloud":0.9,"RFID":0.65},"Technology&Automobile":{"Block":0.4,"BD":0.6166666667,"AI":0.5714285714,"DSS":0.7333333333,"AM":0.5909090909,"IoT":0.16,"Auto":0.5421052632,"Cloud":0.5,"RFID":0.5909090909},"FMCG&Food":{"Block":0.205,"BD":0.3294117647,"AI":0.64,"DSS":0.2235294118,"AM":0.0,"IoT":0.2333333333,"Auto":0.3142857143,"Cloud":0.8,"RFID":0.7428571429},"Retail":{"Block":0.38,"BD":0.34,"AI":0.35,"DSS":0.58,"AM":0.4333333333,"IoT":0.65,"Auto":0.0307692308,"Cloud":0.5,"RFID":0.75},"Manufacturing":{"Block":0.2363636364,"BD":0.5826086957,"AI":0.385,"DSS":0.208,"AM":0.25,"IoT":0.6538461538,"Auto":0.61,"Cloud":1.0,"RFID":0.94},"Logistics":{"Block":0.325,"BD":0.2142857143,"AI":0.2384615385,"DSS":0.6857142857,"AM":0.55,"IoT":0.34,"Auto":0.5909090909,"Cloud":0.6,"RFID":0.55}}