{"0":{"Block":0.307692,"BD":0.730769,"AI":0.788462,"DSS":0.461538,"AM":0.288462,"IoT":0.615385,"Auto":0.557692,"Cloud":0.211538,"RFID":0.0},"1":{"Block":0.6,"BD":0.4,"AI":0.4,"DSS":0.533333,"AM":0.111111,"IoT":0.044444,"Auto":0.333333,"Cloud":0.066667,"RFID":0.022222},"2":{"Block":0.5,"BD":0.333333,"AI":0.5,"DSS":0.166667,"AM":0.125,"IoT":0.125,"Auto":0.416667,"Cloud":0.125,"RFID":0.083333},"3":{"Block":0.655172,"BD":0.396552,"AI":0.275862,"DSS":0.62069,"AM":0.068966,"IoT":0.034483,"Auto":0.189655,"Cloud":0.12069,"RFID":0.0},"4":{"Block":0.236842,"BD":0.684211,"AI":0.578947,"DSS":0.368421,"AM":0.263158,"IoT":0.421053,"Auto":0.789474,"Cloud":0.552632,"RFID":0.947368}}
